n_cpus,jac_time,res_time,solve_time
1,32.062947625,30.258347647,118.618344868
