n_cpus,jac_time,res_time,solve_time
1,32.410708544,30.858700375,118.625323685
2,70.671835577,93.577156224,239.438743497
4,167.867700284,319.275467515,556.34585762
