n_cpus,jac_time,res_time,solve_time
1,1032.960871119,1908.864734675,3471.554005252
2,1281.166484716,2209.534696875,3959.300565845
4,798.721347443,1553.311427185,2535.305469723
