n_cpus,jac_time,res_time,solve_time
1,948.42335289,1846.290067735,3324.230980591
