num_elems,jac_time,res_time,solve_time
1000,0.13218408,0.173935426,0.309979811
2000,0.257741945,0.361889843,0.626494635
5000,0.947959351,1.084601816,2.049077994
10000,1.911830171,2.166997405,4.109438179
20000,3.843163275,4.351226214,8.259251076
50000,9.660643421,10.893943586,20.709999663
100000,19.127986528,21.650638609,41.116201018
200000,51.979245743,52.913384949,105.716581996
500000,130.702344051,133.402561011,266.167972955
1000000,331.005546606,321.568427025,657.449938925
