n_cpus,jac_time,res_time,solve_time
1,19.139642282,21.751062803,68.571728723
2,9.987351861,11.121052718,40.802264837
4,5.550665234,6.190611344,37.476450274
8,3.91988774,4.147050934,40.602570557
