n_cpus,jac_time,res_time,solve_time
1,0.15060042,0.20179673,0.546617148
2,0.139320968,0.188498862,0.61000187
4,0.147045741,0.202062742,1.078519584
8,0.26452923,0.297220149,2.863335093
