n_cpus,jac_time,res_time,solve_time
1,1.93542925,2.148343329,4.116796357
2,1.003915657,1.11853101,4.113338943
4,0.526832407,0.598091823,2.886215734
8,0.306625023,0.356305655,3.840562763
