n_cpus,jac_time,res_time,solve_time
1,0.142847141,0.18454302,0.332079947
2,0.13469573,0.192978283,0.60743085
4,0.14179349,0.197349983,1.066763816
8,0.25460568,0.284596071,2.89207151
