n_cpus,jac_time,res_time,solve_time
1,266.991952802,275.8925466,603.1925159
2,154.406133105,172.275060445,372.351047669
4,77.067314998,86.302659191,197.381310704
8,37.362335652,39.922739699,108.962972104
16,20.736503155,23.413653661,73.890732776
32,10.918739896,12.467555995,63.325812814
64,6.186421017,7.277711392,45.795548317
128,3.311002098,4.12733598,43.672319683
256,2.077402508,2.726265513,55.798380633
