n_cpus,jac_time,res_time,solve_time
1,0.106841297,0.157178487,0.291127426
2,0.124233794,0.199154063,0.371822938
4,0.124593757,0.200365213,0.433051889
8,0.200963516,0.264248078,0.761607795
16,0.208177628,0.282563306,0.926493691
32,0.220534921,0.31332562,1.985559377
64,0.237436757,0.370485758,3.640728306
128,0.300264372,0.754268775,7.556545064
256,0.422882417,0.774349523,14.176563146
