num_elems,jac_time,res_time,solve_time
1000,0.110604737,0.16275902,0.300613205
2000,0.214192176,0.314641925,0.579189328
5000,0.795711634,0.981649297,1.951094493
10000,1.611290368,1.974189131,3.945516931
20000,3.220176864,3.937434005,7.871497906
50000,8.054177533,10.000389624,19.854248464
100000,16.093023205,19.814048649,39.546570165
200000,43.096265161,47.948247814,100.605056416
500000,107.995911734,118.865583327,251.107287094
1000000,271.146861407,282.904665636,614.699674157
