n_cpus,jac_time,res_time,solve_time
1,0.900159915,1.107297441,2.973150481
2,1.234062333,1.176526734,3.683906061
4,3.06222157,1.473690436,5.801766058
