n_cpus,jac_time,res_time,solve_time
1,70.371344902,75.716593171,227.970044614
2,1780.162952909,43.114538594,1876.371718432
4,1518.679274457,29.185828909,1580.755221491
