n_cpus,jac_time,res_time,solve_time
1,153.281798505,214.15601463,526.229136939
2,77.865969061,110.145851451,281.067685138
4,47.251544487,64.669498114,163.857707035
8,36.24474462,47.004779021,118.661076868
