n_cpus,jac_time,res_time,solve_time
1,43.646824785,64.624573344,120.261816134
2,40.353569847,57.657369992,115.921265919
4,46.717396972,58.864115007,130.761577293
8,69.120194819,77.010327468,188.60727667
