n_cpus,jac_time,res_time,solve_time
1,232.395856146,16.464404362,261.665277705
2,33.37737581,10.167414231,52.765942591
4,17.643452826,8.676848794,32.134946606
8,11.035101728,9.212743602,26.098935634
