n_cpus,jac_time,res_time,solve_time
1,2.47664392,1.324872998,4.630820686
2,3.242317474,2.283617065,6.892046081
4,2.9192543,2.657974822,8.043650814
8,15.703143325,12.733565078,34.395401671
