n_cpus,jac_time,res_time,solve_time
1,813.308296423,284.145314449,1287.878415268
2,198.36802005,146.548273975,459.555705096
4,70.141180269,74.834688224,218.870208273
8,45.064583234,56.410988596,157.453986006
