n_cpus,jac_time,res_time,solve_time
1,98.838986821,60.22868199,177.975835313
2,45.076466587,41.246027359,109.419879406
4,30.479280426,37.097873562,97.234479501
8,33.92360942,41.974212085,115.716764958
